{ "skeleton": { "images": "/Users/nicole/WORK/PROJECTS/PRIVAT/230203 - Global Game Jam 2023/GGJ23/02 - Assets/Models/images/" },"PhotoshopToSpine": { "scale": 1, "padding": 1, "trim": true },"bones": [	{ "name": "root" }],"slots": [	{ "name": "seat", "bone": "root", "attachment": "seat" },	{ "name": "thigh_r", "bone": "root", "attachment": "thigh_r" },	{ "name": "ankle_r", "bone": "root", "attachment": "ankle_r" },	{ "name": "knee_r", "bone": "root", "attachment": "knee_r" },	{ "name": "body", "bone": "root", "attachment": "body" },	{ "name": "elbow_r", "bone": "root", "attachment": "elbow_r" },	{ "name": "upper_arm_r", "bone": "root", "attachment": "upper_arm_r" },	{ "name": "chair_mount_r", "bone": "root", "attachment": "chair_mount_r" },	{ "name": "wrist_r", "bone": "root", "attachment": "wrist_r" },	{ "name": "hair_l", "bone": "root", "attachment": "hair_l" },	{ "name": "head_shape", "bone": "root", "attachment": "head_shape" },	{ "name": "eye_r", "bone": "root", "attachment": "eye_r" },	{ "name": "hair_r", "bone": "root", "attachment": "hair_r" },	{ "name": "big_wheel_r_outline", "bone": "root", "attachment": "big_wheel_r_outline" },	{ "name": "big_wheel_r_center", "bone": "root", "attachment": "big_wheel_r_center" },	{ "name": "big_wheel_r_spines", "bone": "root", "attachment": "big_wheel_r_spines" },	{ "name": "small_wheel_r_outline", "bone": "root", "attachment": "small_wheel_r_outline" },	{ "name": "small_wheel_r_center", "bone": "root", "attachment": "small_wheel_r_center" },	{ "name": "small_wheel_r_spines", "bone": "root", "attachment": "small_wheel_r_spines" }],"skins": {	"default": {		"seat": {			"seat": { "x": 742.5, "y": -444, "width": 233, "height": 216 }		},		"thigh_r": {			"thigh_r": { "x": 796, "y": -499.5, "width": 168, "height": 85 }		},		"ankle_r": {			"ankle_r": { "x": 907, "y": -617, "width": 52, "height": 32 }		},		"knee_r": {			"knee_r": { "x": 874, "y": -568.5, "width": 62, "height": 107 }		},		"body": {			"body": { "x": 736.5, "y": -445, "width": 79, "height": 158 }		},		"elbow_r": {			"elbow_r": { "x": 772.5, "y": -461, "width": 95, "height": 32 }		},		"upper_arm_r": {			"upper_arm_r": { "x": 733, "y": -418.5, "width": 48, "height": 95 }		},		"chair_mount_r": {			"chair_mount_r": { "x": 799, "y": -495, "width": 248, "height": 310 }		},		"wrist_r": {			"wrist_r": { "x": 820, "y": -463.5, "width": 42, "height": 31 }		},		"hair_l": {			"hair_l": { "x": 740, "y": -337, "width": 72, "height": 74 }		},		"head_shape": {			"head_shape": { "x": 740.5, "y": -294, "width": 113, "height": 140 }		},		"eye_r": {			"eye_r": { "x": 772.5, "y": -304.5, "width": 21, "height": 29 }		},		"hair_r": {			"hair_r": { "x": 729.5, "y": -303.5, "width": 119, "height": 169 }		},		"big_wheel_r_outline": {			"big_wheel_r_outline": { "x": 731.5, "y": -593.5, "width": 187, "height": 187 }		},		"big_wheel_r_center": {			"big_wheel_r_center": { "x": 731, "y": -593, "width": 28, "height": 28 }		},		"big_wheel_r_spines": {			"big_wheel_r_spines": { "x": 732, "y": -590, "width": 140, "height": 146 }		},		"small_wheel_r_outline": {			"small_wheel_r_outline": { "x": 845.5, "y": -659.5, "width": 55, "height": 55 }		},		"small_wheel_r_center": {			"small_wheel_r_center": { "x": 845.5, "y": -659.5, "width": 13, "height": 13 }		},		"small_wheel_r_spines": {			"small_wheel_r_spines": { "x": 845.5, "y": -659, "width": 37, "height": 38 }		}	}},"animations": { "animation": {} }}